id_gravacao,especie_cientifico,tipo_canto,qualidade,latitude,longitude,autor,fundo
XC1023375,Gubernetes yetapa,song,A,-20.3244,,Fabrício Grigolin,
XC1008362,Gubernetes yetapa,call,A,-20.2674,,Fabrício Grigolin,
XC991394,Gubernetes yetapa,song,A,-20.3244,,Fabrício Grigolin,
XC744947,Gubernetes yetapa,duet,A,-22.9242,,João Vitor Oliveira de Souza,Vanellus chilensis
XC744396,Gubernetes yetapa,call,A,-21.316,,João Vitor Oliveira de Souza,
XC741353,Gubernetes yetapa,call,A,-20.098,,Peder Svingen,
XC724870,Gubernetes yetapa,song,A,-22.3454,,Ricardo José Mitidieri,
XC723658,Gubernetes yetapa,duet,A,-21.5768,,Robson Silva e Silva,
XC720960,Gubernetes yetapa,call,A,-22.6778,,Luiz C.  Silva,Laterallus exilis
XC661702,Gubernetes yetapa,duet,A,-22.3739,,Ricardo Gagliardi,Gnorimopsar chopi
XC546868,Gubernetes yetapa,song,A,-22.7388,,Arthur Gomes,
XC496229,Gubernetes yetapa,"duet, song",A,-22.2339,,Arthur Gomes,
XC468122,Gubernetes yetapa,"call, duet, song",A,-22.28,,Marcelo J Feliti,
XC447907,Gubernetes yetapa,"begging call, call, begging juvenile, call adult",A,-22.8842,,Victor Antonelli,
XC439888,Gubernetes yetapa,song,A,-20.2551,,Robson Silva e Silva,"Colibri serrirostris, Troglodytes aedon"
XC427427,Gubernetes yetapa,canto,A,-20.251792,,Caio Brito,Rhynchotus rufescens
XC332836,Gubernetes yetapa,call,A,-22.2501,,Jeremy Minns,
XC299043,Gubernetes yetapa,song,A,-20.445,,Fernando Igor de Godoy,
XC297861,Gubernetes yetapa,song,A,-22.4805,,Jerome Fischer,
XC210140,Gubernetes yetapa,"duet, song",A,-22.7087,,Robson Silva e Silva,
XC131978,Gubernetes yetapa,song,A,-20.79,,Noé Eiterer,
XC81563,Gubernetes yetapa,call,A,-22.2501,,Jeremy Minns,Synallaxis albescens
XC81562,Gubernetes yetapa,"duet, song",A,-20.3501,,Jeremy Minns,Saltatricula atricollis
XC577737,Gubernetes yetapa,song,B,-22.3454,,Ricardo José Mitidieri,
XC577735,Gubernetes yetapa,song,B,-22.3454,,Ricardo José Mitidieri,
XC577550,Gubernetes yetapa,"duet, song",B,-20.244,,Garry Bakker,
XC577549,Gubernetes yetapa,"duet, song",B,-20.244,,Garry Bakker,
XC575143,Gubernetes yetapa,song,B,-22.3152,,Felipe Arantes,
XC516456,Gubernetes yetapa,song,B,-20.7333,,Renan Betzel,"Anumbius annumbi, Elaenia flavogaster, Mimus saturninus, Troglodytes aedon"
XC471117,Gubernetes yetapa,call,B,-22.2981,,Ricardo Gagliardi,
XC421161,Gubernetes yetapa,call,B,-23.7976,,Fernando Igor de Godoy,
XC407330,Gubernetes yetapa,call,B,-21.7924,,Marcelo Müller,
XC388068,Gubernetes yetapa,song,B,-21.9162,,Bobby Wilcox,
XC388067,Gubernetes yetapa,song,B,-21.9162,,Bobby Wilcox,
XC241846,Gubernetes yetapa,"duet, song",B,-22.4805,,Eric DeFonso,
XC186351,Gubernetes yetapa,song,B,-22.6997,,Fernando Igor de Godoy,
XC178072,Gubernetes yetapa,song,B,-20.3801,,Douglas Meyer,
XC173390,Gubernetes yetapa,"call, song",B,-20.2506,,João Antônio de B. Vitto,
XC173352,Gubernetes yetapa,song,B,-20.4082,,João Antônio de B. Vitto,
XC130927,Gubernetes yetapa,song,B,-20.8761,,Noé Eiterer,
XC123238,Gubernetes yetapa,"call, song",B,-22.6771,,GABRIEL LEITE,
XC119075,Gubernetes yetapa,song,B,-23.2119,,GABRIEL LEITE,
XC115293,Gubernetes yetapa,song,B,-20.79,,Noé Eiterer,
XC115292,Gubernetes yetapa,call,B,-21.765,,Noé Eiterer,
XC81561,Gubernetes yetapa,call,B,-20.3501,,Jeremy Minns,"Turdus leucomelas, Pitangus sulphuratus, Columbina squammata"
XC349989,Gubernetes yetapa,song,C,-23.2119,,GABRIEL LEITE,
XC181680,Gubernetes yetapa,"call, song",C,-20.216,,Antonio Silveira,
XC1074965,Vanellus chilensis,call,A,-22.8054,,GABRIEL LEITE,
XC1052033,Vanellus chilensis,"alarm call, flight call, song",A,-23.4689,,rafarrinho,Coryphospingus cucullatus
XC823456,Vanellus chilensis,call,A,-30.2021,,Guy Kirwan,
XC580177,Vanellus chilensis,call,A,-20.5983,,Dante Buzzetti,
XC421860,Vanellus chilensis,call,A,-24.2783,,Fernando Igor de Godoy,
XC420448,Vanellus chilensis,flight call,A,-22.5939,,Odirlei Vieira da Fonseca,
XC348490,Vanellus chilensis,flight call,A,-23.2692,,Jeremy Minns,
XC347764,Vanellus chilensis,song,A,-24.2056,,Robson Silva e Silva,
XC343265,Vanellus chilensis,alarm call,A,-20.4554,,Nick Komar,
XC328927,Vanellus chilensis,call,A,-22.8588,,Ricardo José Mitidieri,
XC294690,Vanellus chilensis,"alarm call, call",A,-26.7166,,Douglas Meyer,
XC288528,Vanellus chilensis,flight call,A,-28.3286,,Marcelo Villegas,
XC288203,Vanellus chilensis,flight call,A,-22.4508,,Jerome Fischer,
XC270226,Vanellus chilensis,flight call,A,-22.4508,,Jerome Fischer,
XC269293,Vanellus chilensis,alarm call,A,-22.4508,,Jerome Fischer,
XC199139,Vanellus chilensis,call,A,-23.446,,Gabriel Rosa,
XC131341,Vanellus chilensis,call,A,-22.4508,,Eric DeFonso,
XC131138,Vanellus chilensis,song,A,-22.4508,,Eric DeFonso,
XC130867,Vanellus chilensis,call,A,-22.4508,,Eric DeFonso,
XC123935,Vanellus chilensis,flight call,A,-22.6771,,GABRIEL LEITE,
XC17218,Vanellus chilensis,call,A,-22.5001,,Nick Athanas,"Camptostoma obsoletum, Anthus lutescens, Troglodytes aedon"
XC1095068,Vanellus chilensis,flight call,B,-22.4508,,Fabrício Grigolin,
XC806659,Vanellus chilensis,alarm call,B,-32.0417,,Vinícius Soares Domingues,"Plegadis chihi, Geothlypis velata, Furnarius rufus, Embernagra platensis, Troglodytes aedon"
XC745200,Vanellus chilensis,song,B,-21.159,,João Vitor Oliveira de Souza,
XC668987,Vanellus chilensis,uncertain,B,-22.9511,,Henrique Moutinho,Troglodytes aedon
XC600438,Vanellus chilensis,call,B,-20.2551,,Thiago Augusto Mendes Pinheiro,
XC530724,Vanellus chilensis,call,B,-22.9511,,Ricardo José Mitidieri,
XC510860,Vanellus chilensis,song,B,-31.2595,,GABRIEL LEITE,
XC492892,Vanellus chilensis,"alarm call, flight call",B,-29.3375,,Henrique Cardoso Delfino,
XC481876,Vanellus chilensis,song,B,-22.6766,,Lucas Aosf,
XC435956,Vanellus chilensis,song,B,-22.1952,,Joseane Guimarães,
XC421164,Vanellus chilensis,flight call,B,-22.8842,,Victor Antonelli,
XC216146,Vanellus chilensis,flight call,B,-27.8916,,Amanda Perin Marcon,
XC146730,Vanellus chilensis,call,B,-31.2595,,Rafael Antunes Dias,
XC144878,Vanellus chilensis,song,B,-24.3167,,Antonio Silveira,
XC130858,Vanellus chilensis,call,B,-22.4508,,Eric DeFonso,"Certhiaxis cinnamomeus, Leptotila rufaxilla"
XC113781,Vanellus chilensis,song,B,-20.8004,,Noé Eiterer,
XC85479,Vanellus chilensis,flight call,B,-29.4501,,Jeremy Minns,Veniliornis spilogaster
XC85478,Vanellus chilensis,call,B,-24.2667,,Jeremy Minns,
XC70818,Vanellus chilensis,call,B,-29.494,,Daniel Lane,"Turdus albicollis, Myiarchus swainsoni"
XC1049912,Vanellus chilensis,alarm call,C,-22.8329,,Luiz Fernando de Andrade Figueiredo,
XC808942,Vanellus chilensis,flight call,C,-22.8963,,Nelson Wisnik,
XC492895,Vanellus chilensis,"call, reproductive call; tit-tit calls",C,-29.3375,,Henrique Cardoso Delfino,
XC492891,Vanellus chilensis,"alarm call, call, song",C,-29.3375,,Henrique Cardoso Delfino,
XC189822,Vanellus chilensis,alarm call,C,-22.3926,,Ricardo José Mitidieri,
XC144740,Vanellus chilensis,song,C,-23.59,,Antonio Silveira,
XC951581,Piculus aurulentus,"call, song",A,-27.282,,Miguel Angelo Biz,
XC750771,Piculus aurulentus,song,A,-23.7728,,Felipe Arantes,
XC600143,Piculus aurulentus,song,A,-20.5801,,Caio Brito,"Pachyramphus castaneus, Phyllomyias griseocapilla"
XC556495,Piculus aurulentus,canto,A,-20.618021,,Caio Brito,
XC419079,Piculus aurulentus,call,A,-29.3226,,JAYRSON ARAUJO DE OLIVEIRA,
XC234495,Piculus aurulentus,song,A,-24.2667,,Jeremy Minns,Zonotrichia capensis
XC234493,Piculus aurulentus,song,A,-23.6334,,Jeremy Minns,
XC189708,Piculus aurulentus,song,A,-20.1041,,Luiz Gabriel Mazzoni,Thalurania glaucopis
XC186429,Piculus aurulentus,"drumming, song",A,-28.6494,,João Gava,Vireo chivi
XC179712,Piculus aurulentus,call,A,-27.258,,Glauco Kohler,
XC176512,Piculus aurulentus,song,A,-27.5218,,Douglas Meyer,
XC144778,Piculus aurulentus,song,A,-22.4334,,Antonio Silveira,
XC14694,Piculus aurulentus,"call, call/drum",A,-24.2759,,Nick Athanas,Myrmoderus squamosus
XC1150299,Piculus aurulentus,call,B,-20.5016,,JAYRSON ARAUJO DE OLIVEIRA,"Carpornis cucullata, Procnias nudicollis, Saltator similis"
XC1139746,Piculus aurulentus,song,B,-22.4406,,Dante Buzzetti,
XC985425,Piculus aurulentus,song,B,-23.6156,,Augusto Matheus dos Santos,"Drymophila rubricollis, Myrmoderus squamosus"
XC981406,Piculus aurulentus,song,B,-23.375,,Dante Buzzetti,
XC812901,Piculus aurulentus,"call, song",B,-23.375,,Dante Buzzetti,
XC722647,Piculus aurulentus,"call, flight call",B,-24.9582,,Luiz C.  Silva,
XC662974,Piculus aurulentus,song,B,-22.5055,,Ricardo José Mitidieri,
XC659459,Piculus aurulentus,"call, song",B,-22.8838,,Dante Buzzetti,
XC614295,Piculus aurulentus,song,B,-22.4479,,Ricardo José Mitidieri,"Hemitriccus diops, Leptotila rufaxilla"
XC613770,Piculus aurulentus,call,B,-25.3334,,Luiz C.  Silva,
XC563598,Piculus aurulentus,call,B,-22.8943,,GABRIEL LEITE,
XC488918,Piculus aurulentus,drumming,B,-27.1389,,Miguel Angelo Biz,
XC470782,Piculus aurulentus,call,B,-22.3691,,Ricardo Gagliardi,
XC424982,Piculus aurulentus,song,B,-22.8842,,Victor Antonelli,
XC391912,Piculus aurulentus,"call, drumming",B,-22.4503,,Bobby Wilcox,
XC391910,Piculus aurulentus,drumming,B,-22.4503,,Bobby Wilcox,Thraupis cyanoptera
XC391909,Piculus aurulentus,begging call,B,-22.4503,,Bobby Wilcox,
XC348840,Piculus aurulentus,drumming,B,-22.699,,GABRIEL LEITE,
XC325741,Piculus aurulentus,call,B,-24.1086,,Fernando Igor de Godoy,
XC319491,Piculus aurulentus,song,B,-23.3248,,Jeremy Minns,"Patagioenas plumbea, Poecilotriccus plumbeiceps, Turdus flavipes"
XC249258,Piculus aurulentus,song,B,-22.3459,,Eric DeFonso,
XC208297,Piculus aurulentus,"call, song",B,-22.8548,,Rodrigo Dela Rosa,
XC194290,Piculus aurulentus,call,B,-27.2339,,Roberto Buss Stringari,
XC146396,Piculus aurulentus,call,B,-22.8897,,Antonio Silveira,
XC85320,Piculus aurulentus,song,B,-23.3248,,Jeremy Minns,"Carpornis cucullata, Chiroxiphia caudata, Procnias nudicollis, Tachyphonus coronatus, Patagioenas plumbea, Cyclarhis gujanensis, Chamaeza meruloides"
XC70766,Piculus aurulentus,call,B,-20.5014,,Daniel Lane,
XC744939,Piculus aurulentus,subsong,C,-22.9242,,João Vitor Oliveira de Souza,
XC325743,Piculus aurulentus,song,C,-24.1086,,Fernando Igor de Godoy,
XC325742,Piculus aurulentus,"alarm call, drumming",C,-24.1086,,Fernando Igor de Godoy,
XC299008,Piculus aurulentus,song,C,-24.2783,,Fernando Igor de Godoy,
XC277359,Piculus aurulentus,call,C,-22.394,,Jerome Fischer,
XC1103118,Dryocopus lineatus,song,A,-20.3244,,Fabrício Grigolin,
XC724915,Dryocopus lineatus,"call, song",A,-27.9514,,JAYRSON ARAUJO DE OLIVEIRA,Turdus rufiventris
XC724914,Dryocopus lineatus,"call, song",A,-27.9514,,JAYRSON ARAUJO DE OLIVEIRA,"Sicalis flaveola, Zonotrichia capensis"
XC585445,Dryocopus lineatus,call,A,-23.2107,,Dante Buzzetti,
XC440193,Dryocopus lineatus,call,A,-26.3182,,Guilherme Willrich,
XC420966,Dryocopus lineatus,call,A,-24.2783,,Fernando Igor de Godoy,
XC388143,Dryocopus lineatus,drumming,A,-22.4508,,Bobby Wilcox,
XC388141,Dryocopus lineatus,drumming,A,-22.4508,,Bobby Wilcox,"Megarynchus pitangua, Myiozetetes similis"
XC344481,Dryocopus lineatus,drumming,A,-22.9282,,Rodrigo Dela Rosa,"Pionus maximiliani, Chiroxiphia caudata, Habia rubica, Basileuterus culicivorus, Dryocopus lineatus, Cyclarhis gujanensis, Tolmomyias sulphurescens"
XC342878,Dryocopus lineatus,drumming,A,-20.0834,,Jeremy Minns,"Amazona aestiva, Anodorhynchus hyacinthinus"
XC288382,Dryocopus lineatus,drumming,A,-26.9192,,Marcelo Villegas,"Patagioenas picazuro, Crypturellus obsoletus"
XC253145,Dryocopus lineatus,drumming,A,-22.4508,,Eric DeFonso,"Patagioenas picazuro, Guira guira, Pitangus sulphuratus"
XC242671,Dryocopus lineatus,song,A,-25.691,,André J. Pieri,
XC234588,Dryocopus lineatus,call,A,-22.4001,,Jeremy Minns,
XC186265,Dryocopus lineatus,"call, song",A,-23.43,,Fernando Igor de Godoy,
XC174648,Dryocopus lineatus,song,A,-27.7818,,Douglas Meyer,
XC115671,Dryocopus lineatus,call,A,-21.765,,Noé Eiterer,Campephilus robustus
XC1139675,Dryocopus lineatus,song,B,-22.4406,,Dante Buzzetti,
XC1139674,Dryocopus lineatus,call,B,-21.1009,,Dante Buzzetti,
XC1136417,Dryocopus lineatus,song,B,-23.6392,,Fabrício Grigolin,
XC1106911,Dryocopus lineatus,"call, subsong",B,-23.5872,,Dante Buzzetti,
XC1096819,Dryocopus lineatus,call,B,-24.0338,,Dante Buzzetti,
XC1096764,Dryocopus lineatus,call,B,-24.1859,,Dante Buzzetti,
XC1049812,Dryocopus lineatus,song,B,-22.0945,,Luiz Fernando de Andrade Figueiredo,Basileuterus culicivorus
XC1008341,Dryocopus lineatus,song,B,-20.8413,,Fabrício Grigolin,
XC812907,Dryocopus lineatus,drumming,B,-24.1859,,Dante Buzzetti,
XC686421,Dryocopus lineatus,call,B,-23.3607,,Dante Buzzetti,
XC686420,Dryocopus lineatus,begging call,B,-23.3607,,Dante Buzzetti,
XC667821,Dryocopus lineatus,call,B,-22.435,,Ricardo José Mitidieri,"Hemitriccus diops, Lochmias nematura"
XC513622,Dryocopus lineatus,song,B,-22.4069,,Arthur Gomes,
XC428353,Dryocopus lineatus,drumming,B,-22.8842,,Victor Antonelli,
XC423606,Dryocopus lineatus,drumming,B,-22.8813,,Marcelo Jordani Feliti,
XC361622,Dryocopus lineatus,song,B,-27.0087,,Roberto Buss Stringari,
XC299175,Dryocopus lineatus,"drumming, song",B,-20.7882,,Fernando Igor de Godoy,
XC199145,Dryocopus lineatus,drumming,B,-23.3254,,Gabriel Rosa,
XC186266,Dryocopus lineatus,song,B,-21.854,,Fernando Igor de Godoy,
XC85090,Dryocopus lineatus,drumming,B,-23.5684,,Jeremy Minns,"Hypoedaleus guttatus, Tachyphonus coronatus"
XC85089,Dryocopus lineatus,drumming,B,-20.0834,,Jeremy Minns,Cyanocorax cyanomelas
XC85088,Dryocopus lineatus,drumming,B,-23.5684,,Jeremy Minns,"Pachyramphus marginatus, Dysithamnus stictothorax, Drymophila ferruginea"
XC85087,Dryocopus lineatus,song,B,-23.4727,,Jeremy Minns,"Saltator similis, Drymophila ferruginea"
XC421180,Dryocopus lineatus,call,C,-22.8842,,Victor Antonelli,
XC421177,Dryocopus lineatus,song,C,-22.8842,,Victor Antonelli,
XC291186,Dryocopus lineatus,song,C,-22.4001,,Jeremy Minns,"Drymophila rubricollis, Micrastur ruficollis"
XC114529,Dryocopus lineatus,song,C,-20.79,,Noé Eiterer,
XC1053011,Leptasthenura setaria,song,A,-29.454,,JAYRSON ARAUJO DE OLIVEIRA,"Legatus leucophaius, Patagioenas picazuro, Zonotrichia capensis"
XC825936,Leptasthenura setaria,song,A,-29.3233,,Heraldo V. Norambuena,
XC809100,Leptasthenura setaria,song,A,-24.1029,,Luiz C.  Silva,
XC474057,Leptasthenura setaria,song,A,-22.7968,,Ricardo Gagliardi,
XC333061,Leptasthenura setaria,song,A,-26.7166,,Douglas Meyer,
XC332923,Leptasthenura setaria,song,A,-22.3667,,Jerome Fischer,
XC234861,Leptasthenura setaria,song,A,-22.3572,,Kassius Santos,
XC1045626,Leptasthenura setaria,"duet, song",B,-22.7147,,Dante Buzzetti,
XC1036710,Leptasthenura setaria,song,B,-25.428,,Fabrício Grigolin,Pitangus sulphuratus
XC996097,Leptasthenura setaria,call,B,-22.7291,,Dante Buzzetti,
XC995025,Leptasthenura setaria,song,B,-25.428,,Fabrício Grigolin,
XC835394,Leptasthenura setaria,song,B,-22.2617,,Francisco contreras,
XC835393,Leptasthenura setaria,song,B,-22.2617,,Francisco contreras,
XC809101,Leptasthenura setaria,call,B,-24.1029,,Luiz C.  Silva,
XC573901,Leptasthenura setaria,song,B,-24.1029,,Luiz C.  Silva,
XC556391,Leptasthenura setaria,canto,B,-27.952574,,Caio Brito,Amazona pretrei
XC520479,Leptasthenura setaria,call,B,-23.8533,,Marcos Melo,
XC488915,Leptasthenura setaria,"alarm call, song",B,-27.1459,,Miguel Angelo Biz,
XC474213,Leptasthenura setaria,song,B,-22.7968,,Ricardo Gagliardi,
XC427535,Leptasthenura setaria,canto,B,-24.260121,,Caio Brito,
XC427534,Leptasthenura setaria,canto,B,-24.260121,,Caio Brito,
XC419170,Leptasthenura setaria,song,B,-24.2783,,Fernando Igor de Godoy,
XC299683,Leptasthenura setaria,song,B,-24.2783,,Fernando Igor de Godoy,
XC295590,Leptasthenura setaria,song,B,-22.3667,,Jerome Fischer,
XC210831,Leptasthenura setaria,song,B,-22.8532,,Fernando Igor de Godoy,
XC210830,Leptasthenura setaria,song,B,-22.8532,,Fernando Igor de Godoy,
XC186491,Leptasthenura setaria,song,B,-28.3198,,João Gava,
XC176915,Leptasthenura setaria,song,B,-26.7691,,Douglas Meyer,
XC166267,Leptasthenura setaria,song,B,-26.4895,,Antonio de Almeida Correia Junior,
XC150905,Leptasthenura setaria,song,B,-26.3247,,Paulo Affonso Fonseca Pires Neto,
XC80819,Leptasthenura setaria,call,B,-22.7167,,Jeremy Minns,Pardirallus nigricans
XC17606,Leptasthenura setaria,call,B,-22.38,,Nick Athanas,
XC1082044,Leptasthenura setaria,song,C,-22.0917,,Ricardo José Mitidieri,
XC725030,Leptasthenura setaria,"call, song",C,-27.9514,,JAYRSON ARAUJO DE OLIVEIRA,
XC725028,Leptasthenura setaria,call,C,-27.9514,,JAYRSON ARAUJO DE OLIVEIRA,Cacicus chrysopterus
XC724681,Leptasthenura setaria,"call, song",C,-27.9514,,GABRIEL LEITE,
XC672173,Leptasthenura setaria,song,C,-26.1955,,GABRIEL LEITE,
XC438786,Leptasthenura setaria,song,C,-22.368,,Ross Gallardy,
XC431024,Leptasthenura setaria,"call, song",C,-29.1667,,Guilherme de Melo Becher,
XC429124,Leptasthenura setaria,song,C,-26.571,,Ricardo José Mitidieri,
XC415324,Leptasthenura setaria,song,C,-29.3226,,JAYRSON ARAUJO DE OLIVEIRA,Microspingus cabanisi
XC415323,Leptasthenura setaria,song,C,-29.4244,,JAYRSON ARAUJO DE OLIVEIRA,
XC119355,Leptasthenura setaria,song,C,-22.7876,,GABRIEL LEITE,Dysithamnus mentalis
XC52220,Leptasthenura setaria,song,C,-29.447778,,Bernabe Lopez-Lanus,
XC1003280,Asthenes moreirae,song,A,-22.3644,,Fabrício Grigolin,
XC689077,Asthenes moreirae,song,A,-22.3731,,Dante Buzzetti,
XC677799,Asthenes moreirae,song,A,-22.372,,JAYRSON ARAUJO DE OLIVEIRA,Stephanoxis lalandi
XC609864,Asthenes moreirae,song,A,-20.4556,,Odirlei Vieira da Fonseca,
XC609559,Asthenes moreirae,song,A,-20.4556,,Odirlei Vieira da Fonseca,
XC473796,Asthenes moreirae,song,A,-22.3459,,Odirlei Vieira da Fonseca,
XC427098,Asthenes moreirae,canto,A,-20.45807,,Caio Brito,Scytalopus speluncae
XC351847,Asthenes moreirae,song,A,-20.4556,,Odirlei Vieira da Fonseca,
XC336202,Asthenes moreirae,song,A,-20.4458,,Caio Brito,
XC317281,Asthenes moreirae,call,A,-20.4556,,Odirlei Vieira da Fonseca,Asthenes moreirae
XC284355,Asthenes moreirae,song,A,-22.3667,,Jerome Fischer,
XC236464,Asthenes moreirae,,A,-22.448,,Odirlei Vieira da Fonseca,
XC236280,Asthenes moreirae,alarm call,A,-20.4556,,Odirlei Vieira da Fonseca,Haplospiza unicolor
XC168300,Asthenes moreirae,song,A,-22.3834,,Antonio Silveira,
XC145606,Asthenes moreirae,song,A,-20.41,,Odirlei Vieira da Fonseca,
XC145603,Asthenes moreirae,song,A,-22.448,,Odirlei Vieira da Fonseca,
XC145602,Asthenes moreirae,song,A,-22.3644,,Odirlei Vieira da Fonseca,
XC145601,Asthenes moreirae,song,A,-22.3644,,Odirlei Vieira da Fonseca,
XC145576,Asthenes moreirae,song,A,-22.3731,,Odirlei Vieira da Fonseca,
XC144729,Asthenes moreirae,song,A,-22.3667,,Antonio Silveira,
XC80832,Asthenes moreirae,call,A,-22.3667,,Jeremy Minns,Stephanoxis lalandi
XC80831,Asthenes moreirae,song,A,-22.4667,,Jeremy Minns,
XC80829,Asthenes moreirae,song,A,-22.3667,,Jeremy Minns,
XC58453,Asthenes moreirae,song,A,-22.3731,,Bernabe Lopez-Lanus,
XC58452,Asthenes moreirae,song,A,-22.3731,,Bernabe Lopez-Lanus,
XC1003278,Asthenes moreirae,song,B,-22.3644,,Fabrício Grigolin,
XC1000955,Asthenes moreirae,call,B,-22.3731,,Dante Buzzetti,
XC689078,Asthenes moreirae,call,B,-22.3731,,Dante Buzzetti,
XC689076,Asthenes moreirae,"call, song, aggressive call",B,-22.3731,,Dante Buzzetti,
XC671160,Asthenes moreirae,song,B,-22.3459,,Ricardo José Mitidieri,
XC351025,Asthenes moreirae,song,B,-22.3667,,Jeremy Minns,
XC336203,Asthenes moreirae,alarm call,B,-20.4458,,Caio Brito,
XC336201,Asthenes moreirae,song,B,-20.4458,,Caio Brito,
XC279560,Asthenes moreirae,song,B,-22.3667,,Jeremy Minns,
XC194663,Asthenes moreirae,call,B,-22.4902,,Diego Caiafa,
XC192974,Asthenes moreirae,song,B,-22.4902,,Diego Caiafa,
XC145579,Asthenes moreirae,song,B,-20.4197,,Odirlei Vieira da Fonseca,
XC118617,Asthenes moreirae,song,B,-22.3692,,GABRIEL LEITE,
XC80830,Asthenes moreirae,call,B,-22.4667,,Jeremy Minns,
XC336204,Asthenes moreirae,call,C,-20.4458,,Caio Brito,
XC249241,Asthenes moreirae,song,C,-22.3459,,Eric DeFonso,
XC58454,Asthenes moreirae,song,C,-22.3731,,Bernabe Lopez-Lanus,
XC8702,Asthenes moreirae,song,C,-22.3501,,Nick Athanas,
XC391234,Phylloscartes oustaleti,call,A,-24.2759,,Jerome Fischer,"Basileuterus culicivorus, Pyriglena leucoptera, Eleoscytalopus indigoticus, Crypturellus obsoletus"
XC332862,Phylloscartes oustaleti,"call, song",A,-24.2834,,Jeremy Minns,"Carpornis cucullata, Attila phoenicurus, Ramphotrigon megacephalum, Dysithamnus stictothorax, Anabazenops fuscus, Tolmomyias sulphurescens, Chamaeza meruloides"
XC283234,Phylloscartes oustaleti,"call, song, various different calls",A,-23.6334,,Jeremy Minns,Phaethornis eurynome
XC283232,Phylloscartes oustaleti,call,A,-23.6334,,Jeremy Minns,"Anabazenops fuscus, Cichlocolaptes leucophrus"
XC142031,Phylloscartes oustaleti,"call, song",A,-23.5797,,Rodrigo Dela Rosa ,
XC1139741,Phylloscartes oustaleti,call,B,-24.403,,Dante Buzzetti,
XC1139740,Phylloscartes oustaleti,"call, subsong",B,-24.403,,Dante Buzzetti,
XC1089903,Phylloscartes oustaleti,call,B,-27.2292,,Miguel Angelo Biz,
XC1056497,Phylloscartes oustaleti,call,B,-23.0624,,Dante Buzzetti,
XC1003115,Phylloscartes oustaleti,"call, subsong",B,-23.2502,,Dante Buzzetti,
XC1003105,Phylloscartes oustaleti,call,B,-23.2502,,Dante Buzzetti,
XC726904,Phylloscartes oustaleti,"call, song",B,-23.028,,Dante Buzzetti,
XC645969,Phylloscartes oustaleti,song,B,-23.9487,,Felipe Arantes,
XC619047,Phylloscartes oustaleti,song,B,-24.0209,,Lia Nahomi Kajiki,
XC606733,Phylloscartes oustaleti,call,B,-20.618,,GABRIEL LEITE,
XC573729,Phylloscartes oustaleti,"call, song, chasing call",B,-24.0355,,Dante Buzzetti,
XC334823,Phylloscartes oustaleti,call,B,-24.0171,,Jerome Fischer,"Camptostoma obsoletum, Herpsilochmus rufimarginatus, Hypoedaleus guttatus"
XC286549,Phylloscartes oustaleti,"call, song",B,-23.3248,,Jeremy Minns,"Carpornis cucullata, Chiroxiphia caudata, Dysithamnus mentalis, Vireo chivi, Turdus albicollis"
XC286513,Phylloscartes oustaleti,"call, song",B,-23.6334,,Jeremy Minns,Turdus flavipes
XC283236,Phylloscartes oustaleti,call,B,-24.2667,,Jeremy Minns,"Carpornis cucullata, Ilicura militaris, Basileuterus culicivorus, Myiornis auricularis"
XC283235,Phylloscartes oustaleti,"call, two different call types",B,-24.0171,,Jeremy Minns,Attila phoenicurus
XC283233,Phylloscartes oustaleti,call,B,-23.6334,,Jeremy Minns,Sittasomus griseicapillus
XC211702,Phylloscartes oustaleti,call,B,-23.9832,,Fernando Igor de Godoy,
XC211701,Phylloscartes oustaleti,"call, song",B,-23.9832,,Fernando Igor de Godoy,
XC129093,Phylloscartes oustaleti,song,B,-27.3505,,Douglas Meyer,
XC81745,Phylloscartes oustaleti,call,B,-24.2667,,Jeremy Minns,Carpornis cucullata
XC81666,Phylloscartes oustaleti,"call, song",B,-24.2667,,Jeremy Minns,"Sporophila falcirostris, Cacicus chrysopterus"
XC81665,Phylloscartes oustaleti,"call, song",B,-23.3248,,Jeremy Minns,"Basileuterus culicivorus, Patagioenas plumbea, Vireo chivi, Myiarchus swainsoni"
XC81664,Phylloscartes oustaleti,"call, song",B,-23.6334,,Jeremy Minns,"Hylophilus poicilotis, Basileuterus culicivorus, Pyriglena leucoptera"
XC81663,Phylloscartes oustaleti,"call, song",B,-23.6334,,Jeremy Minns,"Dysithamnus mentalis, Myrmoderus squamosus"
XC988643,Phylloscartes oustaleti,call,C,-23.6156,,Augusto Matheus dos Santos,Terenura maculata
XC855198,Phylloscartes oustaleti,,C,-24.0162,,Michael Hurben,
XC661667,Phylloscartes oustaleti,call,C,-22.3682,,Ricardo Gagliardi,
XC521910,Phylloscartes oustaleti,call,C,-26.1925,,Guilherme Willrich,
XC435601,Phylloscartes oustaleti,song,C,-24.0037,,JAYRSON ARAUJO DE OLIVEIRA,Carpornis cucullata
XC419639,Phylloscartes oustaleti,call,C,-24.0557,,Fernando Igor de Godoy,
XC332357,Phylloscartes oustaleti,call,C,-22.4179,,Jerome Fischer,Rhytipterna simplex
XC320290,Phylloscartes oustaleti,"call, song",C,-23.3248,,Jeremy Minns,"Chiroxiphia caudata, Vireo chivi"
XC291975,Phylloscartes oustaleti,call,C,-22.4179,,Jerome Fischer,"Chiroxiphia caudata, Rhytipterna simplex"
XC211699,Phylloscartes oustaleti,call,C,-23.9832,,Fernando Igor de Godoy,
XC164542,Phylloscartes oustaleti,call,C,-24.2834,,Eduardo  Patrial,
XC118114,Phylloscartes oustaleti,song,C,-23.5759,,Rodrigo Dela Rosa de Souza,Pyriglena leucoptera
XC1162710,Hemitriccus obsoletus,song,A,-27.2292,,Miguel Angelo Biz,
XC705875,Hemitriccus obsoletus,call,A,-24.3335,,Fernando Igor de Godoy,
XC690737,Hemitriccus obsoletus,song,A,-24.2601,,JAYRSON ARAUJO DE OLIVEIRA,Thraupis sayaca
XC668726,Hemitriccus obsoletus,"call, song",A,-25.3334,,Luiz C.  Silva,
XC435502,Hemitriccus obsoletus,song,A,-24.2601,,JAYRSON ARAUJO DE OLIVEIRA,
XC325894,Hemitriccus obsoletus,song,A,-22.7167,,Jeremy Minns,Sittasomus griseicapillus
XC284209,Hemitriccus obsoletus,song,A,-25.3334,,Jeremy Minns,"Carpornis cucullata, Attila phoenicurus, Chiroxiphia caudata, Chamaeza campanisona, Procnias nudicollis, Thamnophilus caerulescens, Myiothlypis leucoblephara, Patagioenas plumbea, Vireo chivi, Phyllomyias griseocapilla"
XC284207,Hemitriccus obsoletus,song,A,-22.8667,,Jeremy Minns,
XC284206,Hemitriccus obsoletus,"call, song",A,-22.3667,,Jeremy Minns,
XC284203,Hemitriccus obsoletus,"song, wing sounds",A,-24.2667,,Jeremy Minns,"Carpornis cucullata, Trogon rufus, Chiroxiphia caudata, Sporophila frontalis, Cyclarhis gujanensis"
XC284199,Hemitriccus obsoletus,"call, song, wing sounds",A,-24.2667,,Jeremy Minns,"Carpornis cucullata, Chamaeza campanisona, Basileuterus culicivorus, Pyriglena leucoptera, Grallaria varia, Vireo chivi, Attila rufus"
XC284188,Hemitriccus obsoletus,"call, song, wing sounds",A,-24.2667,,Jeremy Minns,"Carpornis cucullata, Sporophila frontalis, Basileuterus culicivorus, Pyriglena leucoptera, Myiothlypis rivularis, Grallaria varia, Eleoscytalopus indigoticus, Anabazenops fuscus, Vireo chivi, Attila rufus"
XC284185,Hemitriccus obsoletus,"call, song",A,-24.2667,,Jeremy Minns,"Carpornis cucullata, Chiroxiphia caudata, Sporophila frontalis, Schiffornis virescens"
XC284184,Hemitriccus obsoletus,"call, song",A,-24.2667,,Jeremy Minns,"Carpornis cucullata, Chiroxiphia caudata, Sporophila frontalis, Schiffornis virescens, Cyclarhis gujanensis"
XC252830,Hemitriccus obsoletus,"song, wing beat",A,-29.4334,,Romulo Vitoria,
XC234938,Hemitriccus obsoletus,song,A,-22.3634,,Kassius Santos,
XC161748,Hemitriccus obsoletus,song,A,-24.2667,,Rodrigo Dela Rosa,"Carpornis cucullata, Attila phoenicurus, Tinamus solitarius, Saltator similis, Odontophorus capueira, Synallaxis ruficapilla, Turdus flavipes"
XC81589,Hemitriccus obsoletus,call,A,-24.2667,,Jeremy Minns,"Attila phoenicurus, Haplospiza unicolor"
XC81588,Hemitriccus obsoletus,call,A,-24.2667,,Jeremy Minns,"Carpornis cucullata, Chiroxiphia caudata, Schiffornis virescens"
XC81587,Hemitriccus obsoletus,call,A,-24.2667,,Jeremy Minns,"Carpornis cucullata, Batara cinerea, Turdus albicollis"
XC1006041,Hemitriccus obsoletus,"subsong, wing sound",B,-22.8199,,Dante Buzzetti,
XC1003288,Hemitriccus obsoletus,call,B,-22.3562,,Fabrício Grigolin,
XC996109,Hemitriccus obsoletus,"call, subsong",B,-22.7291,,Dante Buzzetti,
XC993155,Hemitriccus obsoletus,"call, song, subsong",B,-22.8199,,Dante Buzzetti,
XC993154,Hemitriccus obsoletus,subsong,B,-22.8199,,Dante Buzzetti,
XC993153,Hemitriccus obsoletus,"call, subsong",B,-22.8199,,Dante Buzzetti,
XC841563,Hemitriccus obsoletus,call,B,-22.8712,,GABRIEL LEITE,
XC841561,Hemitriccus obsoletus,call,B,-22.8712,,GABRIEL LEITE,
XC783070,Hemitriccus obsoletus,song,B,-22.6876,,Eric Vieira,
XC727629,Hemitriccus obsoletus,call,B,-22.4331,,Brian Cox,
XC502484,Hemitriccus obsoletus,call,B,-23.8586,,Luiz C.  Silva,
XC426077,Hemitriccus obsoletus,call,B,-26.7144,,Guilherme de Melo Becher,
XC284205,Hemitriccus obsoletus,song,B,-24.2667,,Jeremy Minns,"Carpornis cucullata, Vireo chivi"
XC284204,Hemitriccus obsoletus,"call, song",B,-24.2667,,Jeremy Minns,"Carpornis cucullata, Chiroxiphia caudata, Sporophila frontalis, Ramphotrigon megacephalum, Myiodynastes maculatus"
XC116148,Hemitriccus obsoletus,song,B,-22.894,,Rodrigo Dela Rosa de Souza,
XC81586,Hemitriccus obsoletus,call,B,-24.2667,,Jeremy Minns,"Carpornis cucullata, Biatas nigropectus"
XC15698,Hemitriccus obsoletus,song,B,-24.2759,,Nick Athanas,"Sittasomus griseicapillus, Carpornis cucullata, Chiroxiphia caudata, Saltator similis, Lipaugus lanioides"
XC284169,Hemitriccus obsoletus,song,C,-23.3248,,Jeremy Minns,"Veniliornis spilogaster, Xiphorhynchus fuscus, Myiodynastes maculatus, Cichlocolaptes leucophrus"
